{
	"displayName": "Markdown 言語機能",
	"description": "Markdown に豊富な言語サポートを提供。",
	"markdown.preview.breaks.desc": "マークダウン プレビューで改行をレンダリングする方法を設定します。'true' に設定すると改行ごとに <br> を作成します。",
	"markdown.preview.linkify": "マークダウン プレビューで URL 形式のテキストからリンクへの変換を有効または無効にします。",
	"markdown.preview.doubleClickToSwitchToEditor.desc": "マークダウンのプレビューでダブルクリックすると、エディターに切り替わります。",
	"markdown.preview.fontFamily.desc": "マークダウン プレビューで使用されるフォント ファミリを制御します。",
	"markdown.preview.fontSize.desc": "マークダウン プレビューで使用されるフォント サイズ (ピクセル単位) を制御します。",
	"markdown.preview.lineHeight.desc": "マークダウン プレビューで使用される行の高さを制御します。この数値はフォント サイズを基準とします。",
	"markdown.preview.markEditorSelection.desc": "マークダウンのプレビューに、エディターの現在の選択範囲を示すマークが付きます。",
	"markdown.preview.scrollEditorWithPreview.desc": "マークダウンのプレビューをスクロールすると、エディターのビューが更新されます 。",
	"markdown.preview.scrollPreviewWithEditor.desc": "マークダウンのエディターをスクロールすると、プレビューのビューが更新されます。",
	"markdown.preview.scrollPreviewWithEditorSelection.desc": "[非推奨] エディターの現在選択されている行を表示するためにマークダウン プレビューをスクロールします。",
	"markdown.preview.scrollPreviewWithEditorSelection.deprecationMessage": "この設定は 'markdown.preview.scrollPreviewWithEditor' に置き換えられ、もはや有効ではありません。",
	"markdown.preview.title": "プレビューを開く",
	"markdown.previewFrontMatter.dec": "マークダウン プレビューで YAML front matter がレンダリングされる方法を設定します。'hide' の場合、front matter が削除されます。その他の場合には、front matter はマークダウン コンテンツとして処理されます。",
	"markdown.previewSide.title": "プレビューを横に表示",
	"markdown.showLockedPreviewToSide.title": "ロックされたプレビューを横に表示",
	"markdown.showSource.title": "ソースの表示",
	"markdown.styles.dec": "マークダウン プレビューから使用する CSS スタイル シートの URL またはローカル パスの一覧。相対パスは、エクスプローラーで開かれているフォルダーへの絶対パスと解釈されます。開かれているフォルダーがない場合、マークダウン ファイルの場所を基準としていると解釈されます。'\\' はすべて '\\\\' と入力する必要があります。",
	"markdown.showPreviewSecuritySelector.title": "プレビュー のセキュリティ設定を変更",
	"markdown.trace.desc": "マークダウン拡張機能のデバッグ ログを有効にします。",
	"markdown.preview.refresh.title": "プレビューを更新",
	"markdown.preview.toggleLock.title": "プレビュー ロックの切り替え"
}