{
	"description": "Erweiterung zum Hinzufügen von Aufgabenunterstützung für NPM-Skripts.",
	"displayName": "NPM-Unterstützung für VSCode",
	"config.npm.autoDetect": "Steuert, ob die automatische Erkennung von NPM-Skripts aktiviert oder deaktiviert ist. Standardmäßig ist die Funktion aktiviert.",
	"config.npm.runSilent": "npm-Befehle mit der Option \"--silent\" ausführen.",
	"config.npm.packageManager": "Der zu verwendende Paket-Manager, um Skripte auszuführen.",
	"config.npm.exclude": "Konfigurieren Sie Globmuster für Ordner, die von der automatischen Skripterkennung ausgeschlossen werden sollen.",
	"npm.parseError": "NPM-Aufgabenerkennung: Fehler beim Analysieren der Datei {0}",
	"taskdef.script": "Das anzupassende NPM-Skript.",
	"taskdef.path": "Der Pfad zu dem Ordner der Datei vom Typ \"package.json\", die das Skript bereitstellt. Kann ausgelassen werden."
}