{
	"displayName": "Возможности языка JSON",
	"description": "Предоставляет широкую поддержку языка для файлов JSON.",
	"json.schemas.desc": "Связь схем с JSON-файлами в текущем проекте",
	"json.schemas.url.desc": "URL-адрес схемы или относительный путь к ней в текущем каталоге",
	"json.schemas.fileMatch.desc": "Массив шаблонов файлов, с которым выполняется сравнение, при разрешении JSON-файлов в схемах.",
	"json.schemas.fileMatch.item.desc": "Шаблон файла, который может содержать \"*\" и с которым выполняется сравнение, при разрешении JSON-файлов в схемах.",
	"json.schemas.schema.desc": "Определение схемы для указанного URL-адреса. Схему необходимо указать только для того, чтобы не обращаться по URL-адресу схемы.",
	"json.format.enable.desc": "Включение или отключение модуля форматирования JSON по умолчанию (требуется перезагрузка)",
	"json.tracing.desc": "Отслеживает связь между VS Code и языковым сервером JSON.",
	"json.colorDecorators.enable.desc": "Включает или отключает декораторы цвета.",
	"json.colorDecorators.enable.deprecationMessage": "Параметр \"json.colorDecorators.enable\" устарел. Теперь вместо него используется параметр \"editor.colorDecorators\".",
	"json.experimental.syntaxFolding": "Включает/отключает маркеры свертывания с учетом синтаксиса."
}