{
	"displayName": "Fonctionnalités de langage JSON",
	"description": "Fournit une prise en charge de langage pour les fichiers JSON",
	"json.schemas.desc": "Associer les schémas aux fichiers JSON dans le projet actif",
	"json.schemas.url.desc": "URL de schéma ou chemin relatif d'un schéma dans le répertoire actif",
	"json.schemas.fileMatch.desc": "Tableau de modèles de fichiers pour la recherche de correspondances durant la résolution de fichiers JSON en schémas.",
	"json.schemas.fileMatch.item.desc": "Modèle de fichier pouvant contenir '*' pour la recherche de correspondances durant la résolution de fichiers JSON en schémas.",
	"json.schemas.schema.desc": "Définition de schéma pour l'URL indiquée. Le schéma doit être fourni uniquement pour éviter les accès à l'URL du schéma.",
	"json.format.enable.desc": "Activer/désactiver le formateur JSON par défaut (nécessite un redémarrage)",
	"json.tracing.desc": "Trace la communication entre VS Code et le serveur de langage JSON.",
	"json.colorDecorators.enable.desc": "Active ou désactive les éléments décoratifs de couleurs",
	"json.colorDecorators.enable.deprecationMessage": "Le paramètre 'json.colorDecorators.enable' a été déprécié en faveur de 'editor.colorDecorators'.",
	"json.experimental.syntaxFolding": "Active/désactive les marqueurs de réduction en fonction de la syntaxe."
}