{
	"displayName": "JSON-Sprachfeatures",
	"description": "Bietet umfangreiche Sprachunterstützung für JSON-Dateien.",
	"json.schemas.desc": "Schemas zu JSON-Dateien im aktuellen Projekt zuordnen",
	"json.schemas.url.desc": "Eine URL zu einem Schema oder ein relativer Pfad zu einem Schema im aktuellen Verzeichnis",
	"json.schemas.fileMatch.desc": "Ein Array von Dateimustern, mit dem beim Auflösen von JSON-Dateien zu Schemas ein Abgleich erfolgt.",
	"json.schemas.fileMatch.item.desc": "Ein Dateimuster, das \"*\" enthalten kann, mit dem beim Auflösen von JSON-Dateien zu Schemas ein Abgleich erfolgt.",
	"json.schemas.schema.desc": "Die Schemadefinition für die angegebene URL. Das Schema muss nur angegeben werden, um Zugriffe auf die Schema-URL zu vermeiden.",
	"json.format.enable.desc": "Standard-JSON-Formatierer aktivieren/deaktivieren (Neustart erforderlich)",
	"json.tracing.desc": "Verfolgt die Kommunikation zwischen VS Code und JSON-Sprachserver nach.",
	"json.colorDecorators.enable.desc": "Aktiviert oder deaktiviert Farb-Decorators",
	"json.colorDecorators.enable.deprecationMessage": "Die Einstellung \"json.colorDecorators.enable\" ist veraltet und wurde durch \"editor.colorDecorators\" ersetzt.",
	"json.experimental.syntaxFolding": "Aktiviert bzw. deaktiviert die syntaxabhängigen Faltungsmarkierungen."
}