{
	"displayName": "JSON Language Features",
	"description": "Provides rich language support for JSON files.",
	"json.schemas.desc": "Associate schemas to JSON files in the current project",
	"json.schemas.url.desc": "A URL to a schema or a relative path to a schema in the current directory",
	"json.schemas.fileMatch.desc": "An array of file patterns to match against when resolving JSON files to schemas.",
	"json.schemas.fileMatch.item.desc": "A file pattern that can contain '*' to match against when resolving JSON files to schemas.",
	"json.schemas.schema.desc": "The schema definition for the given URL. The schema only needs to be provided to avoid accesses to the schema URL.",
	"json.format.enable.desc": "Enable/disable default JSON formatter (requires restart)",
	"json.tracing.desc": "Traces the communication between VS Code and the JSON language server.",
	"json.colorDecorators.enable.desc": "Enables or disables color decorators",
	"json.colorDecorators.enable.deprecationMessage": "The setting `json.colorDecorators.enable` has been deprecated in favor of `editor.colorDecorators`.",
	"json.experimental.syntaxFolding": "Enables/disables syntax aware folding markers."
}