{
	"displayName": "Funzionalità del linguaggio JSON",
	"description": "Fornisce supporto avanzato del linguaggio per i file JSON.",
	"json.schemas.desc": "Associa schemi a file JSON nel progetto corrente",
	"json.schemas.url.desc": "URL di uno schema o percorso relativo di uno schema nella directory corrente",
	"json.schemas.fileMatch.desc": "Matrice di criteri dei file da usare per la ricerca durante la risoluzione di file JSON in schemi.",
	"json.schemas.fileMatch.item.desc": "Criteri dei file che possono contenere '*' da usare per la ricerca durante la risoluzione di file JSON in schemi.",
	"json.schemas.schema.desc": "Definizione dello schema per l'URL specificato. È necessario specificare lo schema per evitare accessi all'URL dello schema.",
	"json.format.enable.desc": "Abilita/Disabilita il formattatore JSON predefinito (richiede il riavvio)",
	"json.tracing.desc": "Traccia la comunicazione tra VS Code e il server del linguaggio JSON.",
	"json.colorDecorators.enable.desc": "Abilita o disabilita gli elementi Decorator di tipo colore",
	"json.colorDecorators.enable.deprecationMessage": "L'impostazione `json.colorDecorators.enable` è stata deprecata e sostituita da `editor.colorDecorators`.",
	"json.experimental.syntaxFolding": "Abilita/disabilita i marcatori di folding con riconoscimento della sintassi."
}