{
	"configuration.suggest.basic": "組み込みの PHP 言語候補機能を有効にするかどうかを設定します。このサポートによって、PHP グローバルと変数の候補が示されます。",
	"configuration.validate.enable": "組み込みの PHP 検証を有効/無効にします。",
	"configuration.validate.executablePath": "PHP 実行可能ファイルを指定します。",
	"configuration.validate.run": "リンターを保存時に実行するか、入力時に実行するか。",
	"configuration.title": "PHP",
	"commands.categroy.php": "PHP",
	"command.untrustValidationExecutable": "PHP の検証を無効にします (ワークスペース設定として定義)。"
}